ID,Start time,Completion time,Which of the following most closely reflects your professional role at the time of the 8th Annual CIT Training Academy? Select one.,"If you selected ""Law Enforcement not based in Missoula"", in what County do you currently work? Write-in below.",When are you taking this survey? Select one.,What's one thing that you hope to takeaway from the 40-hour Crisis Intervention Team Training Academy?,What's one thing that you immediately took away from the 40-hour Crisis Intervention Team Training Academy?,"What else would you like to share with the Missoula Crisis Intervention Team Program and/or Trainers as relates to the training you completed, your experience of the training, and/or your experien...",How comfortable are you with your current knowledge of mental illness? Select one.,How aware are you of community resources available to people living with mental illness? Select one.,How knowledgeable are you about civil commitment laws? Select one.,How knowledgeable are you about professional liability considerations that could arise when professionally engaging with someone in a mental health crisis? Select one.,How familiar are you with the roles of various actors or organizations in the mental health system? Examples of actors or organizations include things like different types of mental health profess...,Do you believe that the average person living with a mental illness is more or less aggressive than an individual not living with a mental illness? Select one.,Do you believe the average person living with a mental illness is more or less likely to commit a violent crime than an individual not living with a mental illness? Select one.,How well prepared do you feel to appropriately engage with someone experiencing a mental health crisis? Select one.,"Overall, how well prepared do you think other law enforcement officers are to appropriately engage with someone experiencing a mental health crisis? Select one.",How would you rate your comfort level in appropriately engaging with someone experiencing a mental health crisis? Select one.,How would you rate your confidence in using de-escalation skills to appropriately engage with someone experiencing a mental health crisis? Select one.,timepoint,"What's one way that you've used the knowledge, skills, abilities, and/or experience of the 40-hour Crisis Intervention Team Training Academy?",What's one thing that you hoped to take away from the 40-hour Crisis Intervention Team Training Academy?,"What's one surprising way that you've used the knowledge, skills, abilities, and/or experience of the 40-hour Crisis Intervention Team Training Academy?"
1,2024-03-27 09:34:24,2024-03-27 09:38:03,"Missoula Law Enforcement (inclusive of City Police, Sheriff's Deputies, University of Montana Police, Probation and Parole, and Detention Officers)",,"April 1, 2024",A deeper knowledge of crisis response to diverse communities. ,,,Comfortable,Aware,A little knowledgeable,Knowledgeable,Familiar,The same,The same,Somewhat prepared,Somewhat prepared,Moderately comfortable,Moderately confident,pre_post,,,
2,2024-04-01 09:06:54,2024-04-01 09:08:44,"Emergency First Responders (inclusive of Mobile Support Team, EMS, MESI, Fire)",,"April 1, 2024",New skills to navigate crisis ,,,Very comfortable,Very aware,Knowledgeable,A little knowledgeable,Very familiar,The same,The same,Very prepared,Somewhat prepared,Very comfortable,Very confident,pre_post,,,
4,2024-04-01 09:06:48,2024-04-01 09:09:24,"Missoula Law Enforcement (inclusive of City Police, Sheriff's Deputies, University of Montana Police, Probation and Parole, and Detention Officers)",,"April 1, 2024",An expanded knowledge/ skill set on crisis intervention. ,,,A little comfortable,A little aware,Not at all knowledgeable,A little knowledgeable,A little familiar,More aggressive,More likely,Moderately prepared,Moderately prepared,Moderately comfortable,Moderately confident,pre_post,,,
5,2024-04-01 09:06:56,2024-04-01 09:09:36,Other,,"April 1, 2024",Knowledge related to interacting with individuals experiencing crisis and passing that knowledge to employees,,,Comfortable,Aware,Not at all knowledgeable,Not at all knowledgeable,Familiar,The same,The same,Somewhat prepared,Very prepared,Moderately comfortable,Moderately confident,pre_post,,,
6,2024-04-01 09:07:05,2024-04-01 09:09:51,Other,,"April 1, 2024",Communication and skills when dealing with crisis ,,,Comfortable,Aware,A little knowledgeable,A little knowledgeable,A little familiar,More aggressive,The same,Moderately prepared,Somewhat prepared,Moderately comfortable,Moderately confident,pre_post,,,
7,2024-04-01 09:06:57,2024-04-01 09:09:53,"Behavioral Health Crisis and Emergency Services (inclusive of Riverwalk, WMMHC, Dakota Place, Hospital EDs)",,"April 1, 2024",Networking and effective collaboration with community partners.,,,Expert,Very aware,A little knowledgeable,Knowledgeable,Very familiar,The same,The same,Expert,Moderately prepared,Very comfortable,Moderately confident,pre_post,,,
8,2024-04-01 09:06:54,2024-04-01 09:10:01,"Missoula Law Enforcement (inclusive of City Police, Sheriff's Deputies, University of Montana Police, Probation and Parole, and Detention Officers)",,"April 1, 2024",How to better communicate in ways that keep myself and community members safe. ,,,Comfortable,A little aware,A little knowledgeable,A little knowledgeable,A little familiar,The same,Less likely,Somewhat prepared,Moderately prepared,Moderately comfortable,Somewhat confident,pre_post,,,
9,2024-04-01 09:06:55,2024-04-01 09:10:04,"Emergency First Responders (inclusive of Mobile Support Team, EMS, MESI, Fire)",,"April 1, 2024",Better communication skills for dealing with people in mental crisis.  ,,,A little comfortable,Very aware,Not at all knowledgeable,A little knowledgeable,Very familiar,The same,The same,Moderately prepared,Somewhat prepared,Moderately comfortable,Moderately confident,pre_post,,,
10,2024-04-01 09:06:49,2024-04-01 09:10:07,"Missoula Law Enforcement (inclusive of City Police, Sheriff's Deputies, University of Montana Police, Probation and Parole, and Detention Officers)",,"April 1, 2024",Better means of communication to calm someone down during crisis.,,,A little comfortable,A little aware,Knowledgeable,Knowledgeable,Familiar,More aggressive,More likely,Moderately prepared,Somewhat prepared,Somewhat comfortable,Somewhat confident,pre_post,,,
11,2024-04-01 09:06:52,2024-04-01 09:10:18,"Emergency First Responders (inclusive of Mobile Support Team, EMS, MESI, Fire)",,"April 1, 2024",Communication skills while responding to those in crises. ,,,Very comfortable,Very aware,A little knowledgeable,Not at all knowledgeable,Very familiar,The same,More likely,Very prepared,Moderately prepared,Very comfortable,Very confident,pre_post,,,
12,2024-04-01 09:07:30,2024-04-01 09:10:26,"Missoula Law Enforcement (inclusive of City Police, Sheriff's Deputies, University of Montana Police, Probation and Parole, and Detention Officers)",,"April 1, 2024",Concrete skills for communicating with community members experiencing a mental health crisis.,,,Very comfortable,Aware,A little knowledgeable,A little knowledgeable,Familiar,The same,More likely,Moderately prepared,Somewhat prepared,Moderately comfortable,Moderately confident,pre_post,,,
13,2024-04-01 09:06:50,2024-04-01 09:10:29,"Missoula Law Enforcement (inclusive of City Police, Sheriff's Deputies, University of Montana Police, Probation and Parole, and Detention Officers)",,"April 1, 2024",Acquire more skills in helping people going through mental health crisis.,,,A little comfortable,A little aware,A little knowledgeable,A little knowledgeable,A little familiar,More aggressive,More likely,Somewhat prepared,Somewhat prepared,Somewhat comfortable,Moderately confident,pre_post,,,
14,2024-04-01 09:07:09,2024-04-01 09:10:31,"Missoula Law Enforcement (inclusive of City Police, Sheriff's Deputies, University of Montana Police, Probation and Parole, and Detention Officers)",,"April 1, 2024",Better understanding of mental health issues ,,,A little comfortable,Very aware,A little knowledgeable,Knowledgeable,Familiar,More aggressive,More likely,Moderately prepared,Moderately prepared,Moderately comfortable,Moderately confident,pre_post,,,
15,2024-04-01 09:08:35,2024-04-01 09:10:32,"Emergency First Responders (inclusive of Mobile Support Team, EMS, MESI, Fire)",,"April 1, 2024","How to help pts, and be a better advocate ",,,Comfortable,Aware,A little knowledgeable,Knowledgeable,Familiar,More aggressive,More likely,Somewhat prepared,Moderately prepared,Moderately comfortable,Moderately confident,pre_post,,,
16,2024-04-01 09:06:52,2024-04-01 09:10:33,"Emergency First Responders (inclusive of Mobile Support Team, EMS, MESI, Fire)",,"April 1, 2024","Better understanding of how MT State laws impact mental health calls when decisions of involuntary criteria are being considered by MST, MPD, MCSO, etc. ",,,Very comfortable,Aware,Very knowledgeable,Knowledgeable,Very familiar,Less aggressive,The same,Very prepared,Somewhat prepared,Very comfortable,Moderately confident,pre_post,,,
17,2024-04-01 09:08:00,2024-04-01 09:10:40,"Behavioral Health Crisis and Emergency Services (inclusive of Riverwalk, WMMHC, Dakota Place, Hospital EDs)",,"April 1, 2024",Skills to handle crisis situations and improve crisis response,,,Comfortable,Very aware,A little knowledgeable,A little knowledgeable,Familiar,Less aggressive,Less likely,Moderately prepared,Moderately prepared,Moderately comfortable,Moderately confident,pre_post,,,
18,2024-04-01 09:07:09,2024-04-01 09:10:56,"Emergency First Responders (inclusive of Mobile Support Team, EMS, MESI, Fire)",,"April 1, 2024",Have more tools to help people in crisis in the field rather than feeling helpless and waiting for someone else to step in.,,,Comfortable,A little aware,Not at all knowledgeable,Not at all knowledgeable,Not at all familiar,The same,More likely,Moderately prepared,Moderately prepared,Somewhat comfortable,Moderately confident,pre_post,,,
19,2024-04-01 09:07:06,2024-04-01 09:10:56,"Emergency First Responders (inclusive of Mobile Support Team, EMS, MESI, Fire)",,"April 1, 2024",Improved knowledge on scene safety and understanding of law enforcement perspectives on the scenes involving involuntary criteria ,,,Very comfortable,Very aware,Very knowledgeable,Knowledgeable,Very familiar,The same,The same,Very prepared,Somewhat prepared,Very comfortable,Very confident,pre_post,,,
20,2024-04-01 09:06:52,2024-04-01 09:10:57,"Missoula Law Enforcement (inclusive of City Police, Sheriff's Deputies, University of Montana Police, Probation and Parole, and Detention Officers)",,"April 1, 2024",More de-escalation tools to help people in crisis and knowledge of where I can refer people with mental health problems for help in the community ,,,Comfortable,A little aware,Very knowledgeable,Very knowledgeable,Familiar,The same,More likely,Moderately prepared,Moderately prepared,Moderately comfortable,Very confident,pre_post,,,
21,2024-04-01 09:06:54,2024-04-01 09:11:11,"Missoula Law Enforcement (inclusive of City Police, Sheriff's Deputies, University of Montana Police, Probation and Parole, and Detention Officers)",,"April 1, 2024",Adding more tools to my disposal when working with persons in crisis and networking with professionals in Missoula County,,,A little comfortable,A little aware,A little knowledgeable,A little knowledgeable,A little familiar,The same,More likely,Somewhat prepared,Moderately prepared,Somewhat comfortable,Moderately confident,pre_post,,,
22,2024-04-01 09:06:50,2024-04-01 09:11:12,Other,,"April 1, 2024",Coordination with community based mental health crisis response service that provide alternatives to incarceration. ,,,Very comfortable,Very aware,Expert,Knowledgeable,Very familiar,Less aggressive,Less likely,Very prepared,Somewhat prepared,Very comfortable,Very confident,pre_post,,,
23,2024-04-01 09:06:56,2024-04-01 09:11:27,"Emergency First Responders (inclusive of Mobile Support Team, EMS, MESI, Fire)",,"April 1, 2024",Communication skills,,,Comfortable,A little aware,Not at all knowledgeable,Not at all knowledgeable,A little familiar,The same,The same,Somewhat prepared,Somewhat prepared,Somewhat comfortable,Somewhat confident,pre_post,,,
24,2024-04-01 09:07:53,2024-04-01 09:11:35,Other,,"April 1, 2024",Better skills to work with those in crisis,,,A little comfortable,Aware,A little knowledgeable,A little knowledgeable,Familiar,The same,The same,Moderately prepared,Moderately prepared,Moderately comfortable,Moderately confident,pre_post,,,
25,2024-04-01 09:06:49,2024-04-01 09:11:35,"Missoula Law Enforcement (inclusive of City Police, Sheriff's Deputies, University of Montana Police, Probation and Parole, and Detention Officers)",,"April 1, 2024",Learn how to help people better get through crisis and help them communicate to get them the help they need.  ,,,Comfortable,A little aware,A little knowledgeable,A little knowledgeable,A little familiar,The same,More likely,Moderately prepared,Moderately prepared,Moderately comfortable,Moderately confident,pre_post,,,
26,2024-04-01 09:06:50,2024-04-01 09:11:38,"Missoula Law Enforcement (inclusive of City Police, Sheriff's Deputies, University of Montana Police, Probation and Parole, and Detention Officers)",,"April 1, 2024","Ability to convince those in crisis to seek further help, short of an involuntary commitment and or an eventual arrest ",,,Comfortable,Aware,Knowledgeable,Knowledgeable,Familiar,More aggressive,More likely,Moderately prepared,Moderately prepared,Moderately comfortable,Moderately confident,pre_post,,,
27,2024-04-01 09:06:48,2024-04-01 09:11:46,"Missoula Law Enforcement (inclusive of City Police, Sheriff's Deputies, University of Montana Police, Probation and Parole, and Detention Officers)",,"April 1, 2024",A better set of skills to use when faced with someone who needs specialized assistance.,,,Comfortable,Very aware,A little knowledgeable,A little knowledgeable,A little familiar,The same,The same,Moderately prepared,Moderately prepared,Very comfortable,Moderately confident,pre_post,,,
28,2024-04-01 09:06:54,2024-04-01 09:11:48,"Missoula Law Enforcement (inclusive of City Police, Sheriff's Deputies, University of Montana Police, Probation and Parole, and Detention Officers)",,"April 1, 2024",I want to continue to expand my knowledge in law enforcement. I lost my dad 10 years ago. I want to obtain tools to assist my community and help prevent these tragic events from occurring to our community members. ,,,A little comfortable,A little aware,Not at all knowledgeable,A little knowledgeable,A little familiar,More aggressive,More likely,Moderately prepared,Very prepared,Moderately comfortable,Somewhat confident,pre_post,,,
29,2024-04-01 09:06:53,2024-04-01 09:11:53,"Missoula Law Enforcement (inclusive of City Police, Sheriff's Deputies, University of Montana Police, Probation and Parole, and Detention Officers)",,"April 1, 2024",Tools and resources to help in my day to day work and extra duties. ,,,Comfortable,A little aware,A little knowledgeable,A little knowledgeable,A little familiar,The same,The same,Moderately prepared,Moderately prepared,Moderately comfortable,Moderately confident,pre_post,,,
30,2024-04-01 09:06:55,2024-04-01 09:11:53,"Emergency First Responders (inclusive of Mobile Support Team, EMS, MESI, Fire)",,"April 1, 2024",A knowledge of interagency response for mental health. To build confidence in on call scenarios. ,,,Comfortable,Aware,A little knowledgeable,A little knowledgeable,Familiar,The same,The same,Somewhat prepared,Not at all prepared,Moderately comfortable,Somewhat confident,pre_post,,,
31,2024-04-01 09:07:09,2024-04-01 09:12:14,"Behavioral Health Crisis and Emergency Services (inclusive of Riverwalk, WMMHC, Dakota Place, Hospital EDs)",,"April 1, 2024",Making new connections and increasing my skills ,,,Very comfortable,Very aware,Not at all knowledgeable,Not at all knowledgeable,Very familiar,The same,The same,Moderately prepared,Not at all prepared,Very comfortable,Very confident,pre_post,,,
32,2024-04-01 09:07:55,2024-04-01 09:12:16,"Behavioral Health Crisis and Emergency Services (inclusive of Riverwalk, WMMHC, Dakota Place, Hospital EDs)",,"April 1, 2024",The ability to deescalate crisis situations and have the knowledge to do so safely and effectively,,,Very comfortable,Aware,A little knowledgeable,A little knowledgeable,Familiar,The same,More likely,Moderately prepared,Somewhat prepared,Very comfortable,Somewhat confident,pre_post,,,
33,2024-04-01 09:07:00,2024-04-01 09:12:25,Law Enforcement not based in Missoula,Mineral,"April 1, 2024",A better skill set to use while dealing with my customers who are in crisis. ,,,A little comfortable,A little aware,A little knowledgeable,A little knowledgeable,A little familiar,More aggressive,More likely,Moderately prepared,Somewhat prepared,Moderately comfortable,Moderately confident,pre_post,,,
34,2024-04-01 09:07:04,2024-04-01 09:12:33,"Missoula Law Enforcement (inclusive of City Police, Sheriff's Deputies, University of Montana Police, Probation and Parole, and Detention Officers)",,"April 1, 2024",To better understand and communicate with people that are in crisis or dealing with mental health.,,,A little comfortable,A little aware,A little knowledgeable,Knowledgeable,A little familiar,The same,The same,Moderately prepared,Moderately prepared,Moderately comfortable,Moderately confident,pre_post,,,
35,2024-04-01 09:10:16,2024-04-01 09:13:00,"Behavioral Health Crisis and Emergency Services (inclusive of Riverwalk, WMMHC, Dakota Place, Hospital EDs)",,"April 1, 2024",Effective skills for verbal de-escalation. ,,,Very comfortable,Very aware,Very knowledgeable,Very knowledgeable,Very familiar,Less aggressive,Less likely,Very prepared,Moderately prepared,Moderately comfortable,Moderately confident,pre_post,,,
36,2024-04-05 15:07:46,2024-04-05 15:11:49,"Missoula Law Enforcement (inclusive of City Police, Sheriff's Deputies, University of Montana Police, Probation and Parole, and Detention Officers)",,"April 5, 2024",,Working together as a team using the principles of CIT,The scenarios were a great way to practice lessons learned,Comfortable,Aware,Knowledgeable,A little knowledgeable,Familiar,The same,The same,Very prepared,Somewhat prepared,Moderately comfortable,Very confident,pre_post,,,
37,2024-04-05 15:07:42,2024-04-05 15:12:30,Law Enforcement not based in Missoula,Mineral County,"April 5, 2024",,"That there is a lot, a lot of information to take ina d consider.","It’s great, really. I hope everyone here appreciates the amount of work that goes in to making something like this happen.",Comfortable,Very aware,Knowledgeable,Very knowledgeable,Very familiar,Less aggressive,Less likely,Very prepared,Somewhat prepared,Moderately comfortable,Very confident,pre_post,,,
38,2024-04-05 15:08:32,2024-04-05 15:12:38,Other,,"April 5, 2024",,Situational awareness and other agencies response to crisis,This was a wonderful training.  Thank you to all the instructors,Very comfortable,Very aware,Very knowledgeable,Very knowledgeable,Very familiar,The same,The same,Very prepared,Very prepared,Very comfortable,Very confident,pre_post,,,
39,2024-04-05 15:11:27,2024-04-05 15:13:51,"Emergency First Responders (inclusive of Mobile Support Team, EMS, MESI, Fire)",,"April 5, 2024",,Importance of staying regulated and calm in crisis interactions,,Very comfortable,Very aware,Very knowledgeable,Very knowledgeable,Very familiar,The same,The same,Very prepared,Somewhat prepared,Very comfortable,Expert,pre_post,,,
40,2024-04-05 15:11:46,2024-04-05 15:14:32,"Missoula Law Enforcement (inclusive of City Police, Sheriff's Deputies, University of Montana Police, Probation and Parole, and Detention Officers)",,"April 5, 2024",,Slow it down and listen.,Just Thankyou for putting this academy on. It is very useful in my line of work.,Comfortable,Very aware,Knowledgeable,Knowledgeable,Familiar,The same,The same,Very prepared,Moderately prepared,Moderately comfortable,Moderately confident,pre_post,,,
42,2024-04-05 15:15:12,2024-04-05 15:17:40,"Behavioral Health Crisis and Emergency Services (inclusive of Riverwalk, WMMHC, Dakota Place, Hospital EDs)",,"April 5, 2024",,I need to work on situational awareness ,I would love to become more involved after experiencing the course for myself,Very comfortable,Very aware,Knowledgeable,Knowledgeable,Very familiar,Less aggressive,Less likely,Very prepared,Very prepared,Very comfortable,Very confident,pre_post,,,
43,2024-04-05 15:14:30,2024-04-05 15:18:06,"Missoula Law Enforcement (inclusive of City Police, Sheriff's Deputies, University of Montana Police, Probation and Parole, and Detention Officers)",,"April 5, 2024",,Slow down conversations and interactions ,I appreciate how knowledgeable staff and instructors were. It made me more interested in learning and buying into this process ,Very comfortable,Very aware,Knowledgeable,Knowledgeable,Very familiar,Less aggressive,Less likely,Very prepared,Moderately prepared,Very comfortable,Very confident,pre_post,,,
44,2024-04-05 15:15:42,2024-04-05 15:19:38,"Emergency First Responders (inclusive of Mobile Support Team, EMS, MESI, Fire)",,"April 5, 2024",,DBEAT,"Amazing training - appreciated the diversity of students (1st responders, community partners, etc) and the level of thought/intention put into the role plays and methods of building information (different presenters) and skills. ",Very comfortable,Very aware,Very knowledgeable,Knowledgeable,Familiar,The same,The same,Very prepared,Very prepared,Very comfortable,Moderately confident,pre_post,,,
45,2024-04-05 15:16:04,2024-04-05 15:20:20,"Missoula Law Enforcement (inclusive of City Police, Sheriff's Deputies, University of Montana Police, Probation and Parole, and Detention Officers)",,"April 5, 2024",,A lot of people care in the community,I appreciate the training and for me to be able to see my areas I need more practice in. ,Very comfortable,Very aware,Very knowledgeable,Knowledgeable,Familiar,The same,The same,Very prepared,Very prepared,Very comfortable,Very confident,pre_post,,,
46,2024-04-05 15:15:35,2024-04-05 15:20:53,"Emergency First Responders (inclusive of Mobile Support Team, EMS, MESI, Fire)",,"April 5, 2024",,Safety considerations ,Involving people with lived experience is very impactful. Have a practice scene that is based on POV or J Street,Very comfortable,Very aware,Knowledgeable,Knowledgeable,Very familiar,The same,The same,Expert,Very prepared,Expert,Expert,pre_post,,,
47,2024-04-05 15:16:16,2024-04-05 15:21:07,"Behavioral Health Crisis and Emergency Services (inclusive of Riverwalk, WMMHC, Dakota Place, Hospital EDs)",,"April 5, 2024",,The reality of the topic and its vitality in what we do.,"This was genuinely helpful and navigating me through not only future crisis instances, but also ones I've been through. It has shown me reinforcement in things I've done right, and correction in things I haven't and being given opportunity to learn and ability to apply these things to my career and daily life as well. Loved this class so much. Genuinely. Thank you Theresa. -Cooper (crc)",Very comfortable,Very aware,Knowledgeable,Knowledgeable,Familiar,The same,The same,Moderately prepared,Moderately prepared,Very comfortable,Moderately confident,pre_post,,,
48,2024-04-05 15:15:36,2024-04-05 15:21:12,"Emergency First Responders (inclusive of Mobile Support Team, EMS, MESI, Fire)",,"April 5, 2024",,The T in CIT,I’m sure I’ll be back and would happily help in any capacity needed. Thank you for the training and thank you for the future support as I spread this information to the other providers in my department ,Very comfortable,Very aware,Knowledgeable,Knowledgeable,Very familiar,Less aggressive,Less likely,Very prepared,Very prepared,Very comfortable,Very confident,pre_post,,,
49,2024-04-05 15:16:23,2024-04-05 15:23:17,"Missoula Law Enforcement (inclusive of City Police, Sheriff's Deputies, University of Montana Police, Probation and Parole, and Detention Officers)",,"April 5, 2024",,Using empathy and searching for a connection with individuals in crisis can help deescalate a situation and keep everyone safe.,"I would have liked to have much more opportunity to work through scenarios and role play. That was, by far, the most valuable part of my training experience.",Very comfortable,Aware,Knowledgeable,Knowledgeable,Very familiar,The same,The same,Very prepared,Very prepared,Moderately comfortable,Very confident,pre_post,,,
50,2024-04-05 15:15:53,2024-04-05 15:26:43,Other,,"April 5, 2024",,Collaboration ,It was great for us to learn what other agencies do,Very comfortable,Very aware,Knowledgeable,Very knowledgeable,Very familiar,The same,The same,Very prepared,Moderately prepared,Very comfortable,Very confident,pre_post,,,
51,2024-04-05 15:16:24,2024-04-05 15:28:07,"Missoula Law Enforcement (inclusive of City Police, Sheriff's Deputies, University of Montana Police, Probation and Parole, and Detention Officers)",,"April 5, 2024",,That time is you friend when dealing with someone in crisis. DBEAT is paramount to bring successful in these situations.,All did a great job through out the week. I learned a lot about dealing with people in crisis.,Comfortable,Very aware,Knowledgeable,Very knowledgeable,Very familiar,Less aggressive,Less likely,Very prepared,Moderately prepared,Very comfortable,Very confident,pre_post,,,
52,2024-04-05 15:16:22,2024-04-05 17:13:56,"Missoula Law Enforcement (inclusive of City Police, Sheriff's Deputies, University of Montana Police, Probation and Parole, and Detention Officers)",,"April 5, 2024",,The community and how many people care ,"The thought, effort, and dedication put in to this training is fantastic! I know I can be very quiet in large groups of people and sometimes that is taken as me not engaging, but I really listened to, and tried to soak in everything this week in order to learn as much as I can. I hope to continue working with CIT in the future and continue building my skills. ",Very comfortable,Very aware,Knowledgeable,Very knowledgeable,Very familiar,The same,The same,Very prepared,Moderately prepared,Very comfortable,Very confident,pre_post,,,
1,2024-07-08 11:35:55,2024-07-08 11:39:42,"Behavioral Health Crisis and Emergency Services (inclusive of Riverwalk, WMMHC, Dakota Place, Hospital EDs)",,About 3 months after the April 2024 Academy,"Connections to community partners. Familiarity with crises resources in the community, especially as they change. ","The care put into developing a successful, useful, meaningful curriculum. ",I look forward to continue engaging with the CIT program in my position and am grateful that such a robust program exists in the Missoula community. ,Very comfortable,Very aware,A little knowledgeable,Knowledgeable,Familiar,Less aggressive,Less likely,Moderately prepared,Very prepared,Very comfortable,Moderately confident,m3_6,"In my personal life, navigating interpersonal relationships.",,
2,2024-07-08 11:36:42,2024-07-08 11:42:22,"Missoula Law Enforcement (inclusive of City Police, Sheriff's Deputies, University of Montana Police, Probation and Parole, and Detention Officers)",,About 3 months after the April 2024 Academy,New tools to add to my tool belt with de-escalation techniques of individuals in crisis. ,"The scripts to help you remember your response, demeanor, and approapriate active listening skills with the use of open ended questions.",That yahoo from Mineral County doesn't deserve the Officer of the Academy award. ,Comfortable,Aware,A little knowledgeable,Knowledgeable,Familiar,The same,The same,Very prepared,Somewhat prepared,Very comfortable,Very confident,m3_6,I use these skills along with other skills I have learned from relative interview trainings in suspect interviews with de-escalation and obtaining confessions. ,,
3,2024-07-08 11:40:21,2024-07-08 11:46:03,"Emergency First Responders (inclusive of Mobile Support Team, EMS, MESI, Fire)",,About 3 months after the April 2024 Academy,,Situational awareness,,Very comfortable,Very aware,Knowledgeable,Knowledgeable,Very familiar,The same,The same,Very prepared,Moderately prepared,Very comfortable,Very confident,m3_6,De-escalation and active listening,,
4,2024-07-08 11:50:55,2024-07-08 11:56:14,"Emergency First Responders (inclusive of Mobile Support Team, EMS, MESI, Fire)",,About 3 months after the April 2024 Academy,To better understand the partnership between mental health providers and LE or other first responders,Increased understanding of laws pertaining to how LE may or may not respond ,"So grateful for the opportunity to better understand LE perspectives, as it has led to more clarity in my own role when responding to mental health crises",Expert,Aware,Very knowledgeable,Very knowledgeable,Expert,The same,The same,Very prepared,Somewhat prepared,Very comfortable,Very confident,m3_6,"More clearly able to communicate how LE and MH work together to determine whether someone in crisis meets involuntary criteria, to individuals in crisis and family/friends/providers",,
5,2024-07-08 22:09:06,2024-07-08 22:15:07,"Missoula Law Enforcement (inclusive of City Police, Sheriff's Deputies, University of Montana Police, Probation and Parole, and Detention Officers)",,About 3 months after the April 2024 Academy,Better understanding of mental health and more tools to help people in crisis,More knowledge on resources available,I have been able to implement the skills I learned in multiple ways since the class,Very comfortable,Aware,Knowledgeable,Knowledgeable,Very familiar,Less aggressive,Less likely,Very prepared,Moderately prepared,Moderately comfortable,Very confident,m3_6,Today I did the 720 4D while talking to an inmate who was upset about his legal situation. I was able to get him to calm down and feel better by listening to him.,,
6,2024-07-09 13:22:28,2024-07-09 13:26:43,Other,,About 3 months after the April 2024 Academy,I have taken alot from the course and made referrals 3 times so far for those experiencing a mental health crisis.,Deescalation techniques which we use often,Thank you for the course.  It's been the best training I've had so far as a City of Missoula employee,Very comfortable,Very aware,Very knowledgeable,Very knowledgeable,Very familiar,The same,The same,Very prepared,Very prepared,Very comfortable,Very confident,m3_6,To help individuals in crisis get assistance and to prevent issues in the field that would lead to crisis,,
7,2024-07-10 12:13:53,2024-07-10 12:17:14,"Emergency First Responders (inclusive of Mobile Support Team, EMS, MESI, Fire)",,About 3 months after the April 2024 Academy,,New contacts and relationships with community providers ,,Very comfortable,Very aware,Very knowledgeable,Knowledgeable,Very familiar,The same,The same,Expert,Moderately prepared,Expert,Expert,m3_6,Increased situational awareness and consciousness of proximity to clients ,,
8,2024-07-10 15:34:18,2024-07-10 15:39:46,"Emergency First Responders (inclusive of Mobile Support Team, EMS, MESI, Fire)",,About 3 months after the April 2024 Academy,I hoped to gain understanding of how police officers see and process mental health crisis calls. ,One thing that I have taken away from CIT is DBEAT and being mindful when approaching and working with someone in active crisis. ,"After completing CIT it is clear which firefighters, EMT's, and law enforcement officers have and have not taken the class. I would be curious about exploring a nontoxic way to refer people or maybe certain calls to CIT so that you guys can look at which responders responded in a trauma informed or a non-trauma informed way. ",Very comfortable,Very aware,Very knowledgeable,Knowledgeable,Familiar,The same,The same,Very prepared,Moderately prepared,Moderately comfortable,Very confident,m3_6,I use them every day at work. ,,
9,2024-07-13 08:46:42,2024-07-13 08:58:00,"Missoula Law Enforcement (inclusive of City Police, Sheriff's Deputies, University of Montana Police, Probation and Parole, and Detention Officers)",,About 3 months after the April 2024 Academy,More knowledge of local resources.,My approach to these calls was correct even though other law enforcement members didn’t agree,Their are a good number of current LE members who do not buy into this training approach but it does seem like that group is getting smaller. ,Comfortable,Aware,Knowledgeable,Knowledgeable,Familiar,The same,The same,Moderately prepared,Somewhat prepared,Moderately comfortable,Very confident,m3_6,Passing along some of the information I gained during the trainings ,,
10,2024-07-22 13:14:42,2024-07-22 13:19:16,Other,,About 3 months after the April 2024 Academy,The ability to work to de-escalate those in crisis and taking the time to work with individuals experiencing a mental health crisis,de-escalation skills,I would like to get opportunities to work on my skills in the weeks following the class.,Very comfortable,Very aware,Knowledgeable,Very knowledgeable,Very familiar,More aggressive,More likely,Very prepared,Very prepared,Very comfortable,Very confident,m3_6,I use this in my work almost every day,,
11,2024-07-22 13:25:36,2024-07-22 13:27:56,"Missoula Law Enforcement (inclusive of City Police, Sheriff's Deputies, University of Montana Police, Probation and Parole, and Detention Officers)",,About 3 months after the April 2024 Academy,,,,Comfortable,Very aware,Very knowledgeable,Very knowledgeable,Very familiar,The same,The same,Moderately prepared,Moderately prepared,Moderately comfortable,Moderately confident,m3_6,,,
12,2024-07-22 14:16:43,2024-07-22 14:22:44,"Behavioral Health Crisis and Emergency Services (inclusive of Riverwalk, WMMHC, Dakota Place, Hospital EDs)",,About 3 months after the April 2024 Academy,Understanding how MPD and other first responders interact with people in a MH crisis,Better understanding of the law,Really helpful to have MH and LE together for both to get a better understanding of what we all do in our roles.,Very comfortable,Very aware,A little knowledgeable,Knowledgeable,Very familiar,Less aggressive,Less likely,Very prepared,Somewhat prepared,Very comfortable,Expert,m3_6,working with callers on 988 to give better information about resources and what to expect,,
13,2024-07-23 11:28:15,2024-07-23 11:33:51,"Behavioral Health Crisis and Emergency Services (inclusive of Riverwalk, WMMHC, Dakota Place, Hospital EDs)",,About 3 months after the April 2024 Academy,Just using the de-escalation techniques and verbiage that has been proven most effective. ,It definitely stresses the importance of showing professional empathy,"Im very grateful for this class, and would love to take the class above this one. I would pay for it myself if need be",Very comfortable,Very aware,Very knowledgeable,Very knowledgeable,Very familiar,Less aggressive,Less likely,Very prepared,Moderately prepared,Very comfortable,Very confident,m3_6,I use it all the time where i work,,
14,2024-07-23 19:40:48,2024-07-23 19:44:42,"Missoula Law Enforcement (inclusive of City Police, Sheriff's Deputies, University of Montana Police, Probation and Parole, and Detention Officers)",,About 3 months after the April 2024 Academy,Resources,How involved the community is ,Keep up the great work,Comfortable,Very aware,Very knowledgeable,Very knowledgeable,Familiar,The same,The same,Very prepared,Very prepared,Very comfortable,Very confident,m3_6,Daily with active listening,,
15,2024-07-30 09:26:23,2024-07-30 09:31:30,"Behavioral Health Crisis and Emergency Services (inclusive of Riverwalk, WMMHC, Dakota Place, Hospital EDs)",,About 3 months after the April 2024 Academy,Learning effective de-esculation skills. ,Learning effective de-esculation skills. ,It was an amazing training! I think more BH providers should get involved in the training. It was a great way to meet law enforcement officers. ,Expert,Very aware,A little knowledgeable,Knowledgeable,Expert,The same,Less likely,Expert,Moderately prepared,Very comfortable,Moderately confident,m3_6,I have a deeper appreciation for the decisions that law enforment have to make on the spot. ,,
16,2024-10-16 12:49:44,2024-10-16 12:57:45,"Missoula Law Enforcement (inclusive of City Police, Sheriff's Deputies, University of Montana Police, Probation and Parole, and Detention Officers)",,About 6 months after the April 2024 Academy,The resources were the biggest,It's a huge network of caring people,keep up the great work,Comfortable,Very aware,Very knowledgeable,Very knowledgeable,Very familiar,The same,The same,Moderately prepared,Very prepared,Very comfortable,Very confident,m3_6,giving resources to people in need,,
17,2024-10-16 12:54:27,2024-10-16 12:58:02,Other,,About 6 months after the April 2024 Academy,,,,Comfortable,Aware,Knowledgeable,Knowledgeable,Familiar,The same,The same,Moderately prepared,Very prepared,Moderately comfortable,Moderately confident,m3_6,,,
18,2024-10-16 13:06:15,2024-10-16 13:08:42,"Missoula Law Enforcement (inclusive of City Police, Sheriff's Deputies, University of Montana Police, Probation and Parole, and Detention Officers)",,About 6 months after the April 2024 Academy,,,,Comfortable,Very aware,Very knowledgeable,Knowledgeable,Familiar,The same,The same,Very prepared,Moderately prepared,Moderately comfortable,Very confident,m3_6,,,
19,2024-10-16 13:08:40,2024-10-16 13:12:27,"Behavioral Health Crisis and Emergency Services (inclusive of Riverwalk, WMMHC, Dakota Place, Hospital EDs)",,About 6 months after the April 2024 Academy,Connections with law enforcement ,A better understanding of how quickly officers have to make a decision. ,,Expert,Very aware,A little knowledgeable,Knowledgeable,Very familiar,Less aggressive,The same,Expert,Very prepared,Expert,Very confident,m3_6,Being aware of my environment ,,
20,2024-10-16 13:28:42,2024-10-16 13:35:11,"Emergency First Responders (inclusive of Mobile Support Team, EMS, MESI, Fire)",,About 6 months after the April 2024 Academy,Continuing to build relationships with and utilize agency partners who attended,Ways to work with individuals in the refugee community ,,Very comfortable,Very aware,Very knowledgeable,Very knowledgeable,Very familiar,The same,The same,Expert,Somewhat prepared,Very comfortable,Expert,m3_6,situational awareness ,,
21,2024-10-16 16:02:14,2024-10-16 16:09:18,"Emergency First Responders (inclusive of Mobile Support Team, EMS, MESI, Fire)",,About 6 months after the April 2024 Academy,Better understanding of how civil commitment laws intersect with law enforcement's understanding and engagement with individuals experiencing mental health crisis and need for higher levels of care,"Better understanding of how law enforcement views its actions, and makes decisions about whether or not to engage individuals experiencing a mental health crisis",A lot of gratitude that you all work to put this together each year.  ,Expert,A little aware,Very knowledgeable,Knowledgeable,Familiar,Less aggressive,The same,Very prepared,Moderately prepared,Very comfortable,Moderately confident,m3_6,Better collaboration with law enforcement (makes a huge difference to see how perspectives are different depending on each of our roles),,
22,2024-10-16 20:00:43,2024-10-16 20:15:57,"Missoula Law Enforcement (inclusive of City Police, Sheriff's Deputies, University of Montana Police, Probation and Parole, and Detention Officers)",,About 6 months after the April 2024 Academy,What I took away was a very good baseline skill set to realize a mental health crisis and the knowledge of how to engage that person.,Confidence ,"I use the skills I learned even more than I thought I would. A couple of my above answers are really between moderate and very on the confidence scale. Very is what I am working towards, but surprise, surprise, I’m a work in progress.",Comfortable,Aware,Knowledgeable,A little knowledgeable,Familiar,The same,The same,Moderately prepared,Somewhat prepared,Moderately comfortable,Moderately confident,m3_6,Multiple calls for service where I was able to engage the person and get the desired result with out a use of force.,,
23,2024-10-17 09:03:38,2024-10-17 09:07:25,Other,,About 6 months after the April 2024 Academy,How to work with other first responders to get someone much needed care in a crisis situation,That I can assist people who struggle with mental health issues and help them towards care,I appreciate the training and hope to one day be able to share my experiences in the field with other students so we can all learn from one another,Very comfortable,Very aware,Very knowledgeable,Very knowledgeable,Very familiar,The same,The same,Very prepared,Very prepared,Very comfortable,Very confident,m3_6,I use my CIT training every day in the field as I work with the unsheltered everyday in my job,,
24,2024-10-17 10:34:59,2024-10-17 10:39:43,"Missoula Law Enforcement (inclusive of City Police, Sheriff's Deputies, University of Montana Police, Probation and Parole, and Detention Officers)",,About 6 months after the April 2024 Academy,Networking with local resources,The de-escalation techniques and how they worked in scenario based training,nothing,Comfortable,Aware,Knowledgeable,Knowledgeable,Familiar,The same,The same,Very prepared,Moderately prepared,Very comfortable,Moderately confident,m3_6,Identifying when Lt. Ben Slater uses CIT on me. ,,
25,2024-10-17 12:16:46,2024-10-17 12:19:49,"Emergency First Responders (inclusive of Mobile Support Team, EMS, MESI, Fire)",,About 6 months after the April 2024 Academy,"Take your time, go slow and listen",loved the cross agency partnership feeling,great job team!,Very comfortable,Aware,Knowledgeable,Very knowledgeable,Very familiar,Less aggressive,The same,Very prepared,Very prepared,Very comfortable,Very confident,m3_6,referred a client to 988 rather than hauling them to the hospital!,,
26,2024-10-17 12:29:18,2024-10-17 12:31:40,"Emergency First Responders (inclusive of Mobile Support Team, EMS, MESI, Fire)",,About 6 months after the April 2024 Academy,I hope to take away connection with other agencies and the commons knowledge that we shared. ,Situational awareness ,,Very comfortable,Very aware,Very knowledgeable,Knowledgeable,Very familiar,The same,The same,Very prepared,Moderately prepared,Very comfortable,Very confident,m3_6,I have used the universal greeting ,,
27,2024-10-17 15:19:46,2024-10-17 15:25:47,"Missoula Law Enforcement (inclusive of City Police, Sheriff's Deputies, University of Montana Police, Probation and Parole, and Detention Officers)",,About 6 months after the April 2024 Academy,Skills to better help people in crisis,Slowing down and listening ,I still think about this training every day I work and I have used the resources in the community to help inmates who are being released on multiple occasions now.,Very comfortable,Very aware,Knowledgeable,Knowledgeable,Very familiar,The same,The same,Very prepared,Moderately prepared,Very comfortable,Very confident,m3_6,I have been able to de escalate people who are upset when they come in to the jail,,
29,2024-10-30 09:57:45,2024-10-30 10:01:29,"Behavioral Health Crisis and Emergency Services (inclusive of Riverwalk, WMMHC, Dakota Place, Hospital EDs)",,About 6 months after the April 2024 Academy,Utilizing the skills continuously to work with clients in crisis.,the necessity of the course,I feel that this class should be taken by more people in the mental health field,Very comfortable,Very aware,Very knowledgeable,Very knowledgeable,Very familiar,Less aggressive,Less likely,Very prepared,Very prepared,Very comfortable,Very confident,m3_6,I use CIT skills almost daily with my clients,,
30,2024-10-31 10:39:32,2024-10-31 11:19:16,Other,,About 6 months after the April 2024 Academy,I hoped to establish working relationships between my role and others who regularly respond to mental health crisis through their positions in our community. ,"One, I'm impressed by the professionalism and skill of CIT trainers.  ",Proud of and grateful for you all and hope that others have the opportunity to participate in this much needed training.  ,Very comfortable,Very aware,Expert,Knowledgeable,Expert,The same,The same,Very prepared,Moderately prepared,Expert,Very confident,m3_6,Assisting in coordinating appropriate responses to mental health crisis to divert individuals from incarceration..  ,,
31,2024-10-31 14:42:46,2024-10-31 14:48:30,Other,,About 6 months after the April 2024 Academy,Better collaboration with and understanding of what LE does ,Better understanding of what LE does ,Great training. ,Very comfortable,Very aware,Knowledgeable,Knowledgeable,Very familiar,The same,Less likely,Very prepared,Somewhat prepared,Very comfortable,Very confident,m3_6,Understanding why LE may not respond if POC has a gun,,
32,2024-11-03 23:49:47,2024-11-04 00:00:54,"Behavioral Health Crisis and Emergency Services (inclusive of Riverwalk, WMMHC, Dakota Place, Hospital EDs)",,About 6 months after the April 2024 Academy,Effective de-escalation techniques,The versatility of the program,"I think this class needs to be more widely available to agencies outside law enforcement, maybe even a requirement for crisis work",Very comfortable,Very aware,Very knowledgeable,Very knowledgeable,Very familiar,Less aggressive,Less likely,Very prepared,Moderately prepared,Very comfortable,Very confident,m3_6,I use CIT principles daily at my job,,
33,2024-11-04 12:48:32,2024-11-04 12:51:01,"Behavioral Health Crisis and Emergency Services (inclusive of Riverwalk, WMMHC, Dakota Place, Hospital EDs)",,About 6 months after the April 2024 Academy,Improved awareness of crisis resources in the community,The amount of work and dedication put in by the CIT team to improve response in Misosula,,Very comfortable,Very aware,Knowledgeable,Knowledgeable,Very familiar,Less aggressive,Less likely,Very prepared,Moderately prepared,Very comfortable,Very confident,m3_6,By sharing crisis information with other members of the community,,
1,2025-04-07 08:24:36,2025-04-07 08:28:38,"Missoula Law Enforcement (inclusive of City Police, Sheriff's Deputies, University of Montana Police, Probation and Parole, and Detention Officers)",,About 1 year after the April 2024 Academy,,The resources in Missoula ,,Comfortable,Aware,Knowledgeable,Knowledgeable,Familiar,The same,The same,Moderately prepared,Moderately prepared,Very comfortable,Moderately confident,m12,,Deescalation techniques ,In my interviews with suspects 
2,2025-04-07 08:26:16,2025-04-07 08:29:35,"Missoula Law Enforcement (inclusive of City Police, Sheriff's Deputies, University of Montana Police, Probation and Parole, and Detention Officers)",,About 1 year after the April 2024 Academy,,,,Very comfortable,Very aware,Very knowledgeable,Very knowledgeable,Familiar,The same,The same,Moderately prepared,Somewhat prepared,Moderately comfortable,Very confident,m12,,,
3,2025-04-07 08:46:09,2025-04-07 08:51:31,"Missoula Law Enforcement (inclusive of City Police, Sheriff's Deputies, University of Montana Police, Probation and Parole, and Detention Officers)",,About 1 year after the April 2024 Academy,,Communication skills and resources,Keep doing what yall are doing,Very comfortable,Very aware,Very knowledgeable,Very knowledgeable,Very familiar,The same,The same,Very prepared,Very prepared,Very comfortable,Very confident,m12,,Resources,The involvement from the Missoula community
4,2025-04-07 08:59:58,2025-04-07 09:38:40,"Emergency First Responders (inclusive of Mobile Support Team, EMS, MESI, Fire)",,About 1 year after the April 2024 Academy,,Better understanding of the LE concerns around liability.,"I appreciate how seriously Missoula County is about providing more information about mental health to1st responders, and other community partners, but especially Law Enforcement! Thank you for all that you are doing! ",Expert,Aware,Very knowledgeable,Very knowledgeable,Very familiar,The same,The same,Expert,Somewhat prepared,Expert,Very confident,m12,,"A better understanding of how to collaborate with law enforcement, in terms of speaking to involuntary commitment, when LE is concerned about their liability.",Being able to communicate more effectively with LE in regards to collaborating around whether or not an individual meets involuntary criteria.
5,2025-04-07 11:17:12,2025-04-07 11:23:12,Other,,About 1 year after the April 2024 Academy,,Resources available in our community,I just wish since we are not LE that we had more educational opportunities.  We do enforcement but are often forgotten as true first responders,Very comfortable,Very aware,Very knowledgeable,Very knowledgeable,Very familiar,The same,The same,Very prepared,Very prepared,Very comfortable,Very confident,m12,,Better skills in interacting with those experiencing mental health crisis,My team interacts with those experiencing mental health challenges every day and I think we provide a  strong conduit to getting individuals resources.  
6,2025-04-07 11:26:34,2025-04-07 11:29:53,"Emergency First Responders (inclusive of Mobile Support Team, EMS, MESI, Fire)",,About 1 year after the April 2024 Academy,,scene safety,,Very comfortable,Very aware,Very knowledgeable,Very knowledgeable,Very familiar,The same,The same,Very prepared,Somewhat prepared,Very comfortable,Very confident,m12,,Skills to work on de-escalating someone is crisis. ,Informing clients that officers are training in mental health emergencies. 
7,2025-04-07 14:20:54,2025-04-07 14:25:37,"Behavioral Health Crisis and Emergency Services (inclusive of Riverwalk, WMMHC, Dakota Place, Hospital EDs)",,About 1 year after the April 2024 Academy,,The dedication of the community of first responders in Missoula to take mental health seriously ,,Comfortable,Very aware,Knowledgeable,Knowledgeable,Familiar,Less aggressive,Less likely,Moderately prepared,Very prepared,Very comfortable,Moderately confident,m12,,Knowledge of current training practices for different organizations on handling mental health crises,I've used them personally with people I know to help facilitate appropriate care during times of elevated stress to help mitigate a crisis
8,2025-04-07 15:21:34,2025-04-07 15:28:47,"Missoula Law Enforcement (inclusive of City Police, Sheriff's Deputies, University of Montana Police, Probation and Parole, and Detention Officers)",,About 1 year after the April 2024 Academy,,CIT can be used in a variety of ways in many different areas both at my job and outside of work.,I really enjoyed the training overall and have used it a lot in my job. ,Very comfortable,Aware,Knowledgeable,Knowledgeable,Very familiar,The same,More likely,Very prepared,Moderately prepared,Moderately comfortable,Moderately confident,m12,,"It's important to slow down, explain what you are doing, and observe what the person in crisis may need from you. Listening is very important.","I have been able to help deescalate some people who were escalated and/or in crisis that I wasn't sure I was going to be ablet o help, but I followed the steps and it ended up working very well."
9,2025-04-08 09:44:14,2025-04-08 09:48:42,"Behavioral Health Crisis and Emergency Services (inclusive of Riverwalk, WMMHC, Dakota Place, Hospital EDs)",,About 1 year after the April 2024 Academy,,The amazing group of people we have in Missoula. ,,Expert,Very aware,Knowledgeable,Very knowledgeable,Very familiar,Less aggressive,The same,Expert,Very prepared,Expert,Expert,m12,,Better understanding of how law enforcement approach situations. ,
10,2025-04-16 17:09:27,2025-04-16 17:13:51,"Emergency First Responders (inclusive of Mobile Support Team, EMS, MESI, Fire)",,About 1 year after the April 2024 Academy,,DBEAT,Focusing on principles of de-escalation and ensuring responders know how to interact with individuals where there is not an immediate resource that can be provided. I think it's important to drill on active listening and utilizing empathy. Thanks all for your hard work and dedication to CIT!,Very comfortable,Very aware,Very knowledgeable,A little knowledgeable,Very familiar,The same,Less likely,Expert,Moderately prepared,Expert,Very confident,m12,,Further understanding of resources and improved relationships and communication with responding agencies,Empathy for other responders with varying backgrounds and experience working with people in crisis
